{"durations": [[0.0, 83.18, 368.89, 267.46, 83.15, 243.23, 243.23, 83.15, 72.2, 368.89, 139.85, 91.18, 257.14, 0.0, 133.32, 320.67, 133.32], [134.31, 0.0, 466.13, 184.28, 180.39, 340.46, 340.46, 180.39, 169.44, 466.13, 56.67, 8.0, 173.96, 134.31, 230.55, 417.9, 230.55], [278.02, 361.17, 0.0, 540.63, 243.91, 222.5, 222.5, 243.91, 267.75, 0.0, 417.84, 369.17, 530.31, 278.02, 300.27, 227.48, 300.27], [271.64, 214.03, 603.45, 0.0, 317.71, 477.78, 477.78, 317.71, 306.76, 603.45, 146.52, 222.03, 25.33, 271.64, 367.87, 555.22, 367.87], [54.64, 137.78, 320.53, 322.06, 0.0, 225.04, 225.04, 0.0, 23.84, 320.53, 194.45, 145.79, 311.74, 54.64, 148.49, 296.71, 148.49], [99.01, 182.15, 296.42, 361.61, 101.06, 0.0, 0.0, 101.06, 90.11, 296.42, 238.82, 190.15, 351.29, 99.01, 121.25, 271.04, 121.25], [99.01, 182.15, 296.42, 361.61, 101.06, 0.0, 0.0, 101.06, 90.11, 296.42, 238.82, 190.15, 351.29, 99.01, 121.25, 271.04, 121.25], [54.64, 137.78, 320.53, 322.06, 0.0, 225.04, 225.04, 0.0, 23.84, 320.53, 194.45, 145.79, 311.74, 54.64, 148.49, 296.71, 148.49], [65.58, 148.73, 296.69, 333.01, 10.95, 235.98, 235.98, 10.95, 0.0, 296.69, 205.4, 156.73, 322.69, 65.58, 159.43, 272.86, 159.43], [278.02, 361.17, 0.0, 540.63, 243.91, 222.5, 222.5, 243.91, 267.75, 0.0, 417.84, 369.17, 530.31, 278.02, 300.27, 227.48, 300.27], [136.45, 78.85, 468.26, 154.88, 182.52, 342.6, 342.6, 182.52, 171.58, 468.26, 0.0, 86.85, 144.56, 136.45, 232.69, 420.04, 232.69], [126.34, 68.73, 458.15, 176.3, 172.41, 332.48, 332.48, 172.41, 161.46, 458.15, 48.69, 0.0, 165.98, 126.34, 222.57, 409.93, 222.57], [281.96, 224.35, 613.77, 10.32, 328.03, 488.11, 488.11, 328.03, 317.08, 613.77, 156.84, 232.35, 0.0, 281.96, 378.2, 565.55, 378.2], [0.0, 83.18, 368.89, 267.46, 83.15, 243.23, 243.23, 83.15, 72.2, 368.89, 139.85, 91.18, 257.14, 0.0, 133.32, 320.67, 133.32], [135.63, 190.87, 344.81, 356.59, 142.2, 188.49, 188.49, 142.2, 131.25, 344.81, 247.54, 198.87, 346.27, 135.63, 0.0, 265.93, 0.0], [186.97, 269.56, 331.67, 434.64, 189.02, 87.96, 87.96, 189.02, 178.07, 331.67, 326.23, 277.56, 424.32, 186.97, 209.22, 0.0, 209.22], [135.63, 190.87, 344.81, 356.59, 142.2, 188.49, 188.49, 142.2, 131.25, 344.81, 247.54, 198.87, 346.27, 135.63, 0.0, 265.93, 0.0]], "destinations": [{"location": [-77.082306, -12.074669], "snapped_distance": 8.3}, {"location": [-77.089277, -12.071707], "snapped_distance": 5.55}, {"location": [-77.073377, -12.086997], "snapped_distance": 3.33}, {"location": [-77.104089, -12.064574], "snapped_distance": 2.69}, {"location": [-77.076566, -12.075479], "snapped_distance": 7.67}, {"location": [-77.082031, -12.080733], "snapped_distance": 4.24}, {"location": [-77.082031, -12.080733], "snapped_distance": 4.24}, {"location": [-77.076566, -12.075479], "snapped_distance": 7.67}, {"location": [-77.077353, -12.075419], "snapped_distance": 10.7}, {"location": [-77.073377, -12.086997], "snapped_distance": 3.33}, {"location": [-77.094313, -12.070288], "snapped_distance": 4.46}, {"location": [-77.090185, -12.071248], "snapped_distance": 3.51}, {"location": [-77.102912, -12.064426], "snapped_distance": 5.58}, {"location": [-77.082306, -12.074669], "snapped_distance": 8.3}, {"location": [-77.083607, -12.079477], "snapped_distance": 2.05}, {"location": [-77.07978, -12.084296], "snapped_distance": 3.02}, {"location": [-77.083607, -12.079477], "snapped_distance": 2.05}], "sources": [{"location": [-77.082306, -12.074669], "snapped_distance": 8.3}, {"location": [-77.089277, -12.071707], "snapped_distance": 5.55}, {"location": [-77.073377, -12.086997], "snapped_distance": 3.33}, {"location": [-77.104089, -12.064574], "snapped_distance": 2.69}, {"location": [-77.076566, -12.075479], "snapped_distance": 7.67}, {"location": [-77.082031, -12.080733], "snapped_distance": 4.24}, {"location": [-77.082031, -12.080733], "snapped_distance": 4.24}, {"location": [-77.076566, -12.075479], "snapped_distance": 7.67}, {"location": [-77.077353, -12.075419], "snapped_distance": 10.7}, {"location": [-77.073377, -12.086997], "snapped_distance": 3.33}, {"location": [-77.094313, -12.070288], "snapped_distance": 4.46}, {"location": [-77.090185, -12.071248], "snapped_distance": 3.51}, {"location": [-77.102912, -12.064426], "snapped_distance": 5.58}, {"location": [-77.082306, -12.074669], "snapped_distance": 8.3}, {"location": [-77.083607, -12.079477], "snapped_distance": 2.05}, {"location": [-77.07978, -12.084296], "snapped_distance": 3.02}, {"location": [-77.083607, -12.079477], "snapped_distance": 2.05}], "metadata": {"id": "matrix_request", "attribution": "openrouteservice.org | OpenStreetMap contributors", "service": "matrix", "timestamp": 1580751914642, "query": {"locations": [[-77.08230067044501, -12.0745945517754], [-77.0892526209354, -12.0716624970991], [-77.0733658969402, -12.0869686294665], [-77.10409280880421, -12.0645497717363], [-77.07655236124991, -12.075410918213999], [-77.08199288696049, -12.080740188972099], [-77.08199288696049, -12.080740188972099], [-77.07655236124991, -12.075410918213999], [-77.0773724466562, -12.075513537594302], [-77.0733658969402, -12.0869686294665], [-77.0943538472056, -12.0702838334392], [-77.0901702716947, -12.071220210766802], [-77.10291914641859, -12.0643763186867], [-77.08230067044501, -12.0745945517754], [-77.08360657095909, -12.079458288561499], [-77.0797674035835, -12.0842721312875], [-77.08360657095909, -12.079458288561499]], "profile": "driving-car", "responseType": "json", "id": "matrix_request", "sources": ["0", "1", "2", "3", "4", "5", "6", "7", "8", "9", "10", "11", "12", "13", "14", "15", "16"], "destinations": ["0", "1", "2", "3", "4", "5", "6", "7", "8", "9", "10", "11", "12", "13", "14", "15", "16"], "metrics": ["duration"], "units": "mi"}, "engine": {"version": "6.0.0", "build_date": "2020-01-16T14:21:32Z"}}}