{"durations": [[1799.44, 1624.06, 1695.55, 1131.11, 1303.52], [1861.2, 1685.83, 1757.32, 1102.35, 1274.76], [1913.17, 1737.8, 1809.28, 1154.31, 1326.72], [1836.79, 1661.41, 1732.9, 979.59, 1152.0], [1750.98, 1575.61, 1647.1, 893.79, 1066.2], [1961.62, 1786.25, 1857.74, 1284.72, 1430.12], [1970.95, 1795.58, 1867.07, 1228.14, 1371.29], [1907.73, 1732.36, 1803.85, 1148.88, 1321.29], [1848.33, 1672.95, 1744.44, 1122.28, 1294.69], [1798.98, 1623.61, 1695.1, 1130.66, 1303.07], [1309.35, 1133.98, 1205.46, 1225.67, 1398.08], [1282.47, 1107.09, 1178.58, 1198.79, 1371.19], [1069.07, 893.7, 965.18, 1362.21, 1534.62], [1071.24, 895.86, 967.35, 1364.38, 1536.79], [1226.55, 1051.17, 1122.66, 1420.87, 1593.28], [1127.68, 952.3, 1023.79, 1322.0, 1494.41], [1263.15, 1087.77, 1159.26, 1179.47, 1351.87], [1271.0, 1095.63, 1167.12, 1187.32, 1359.73], [972.02, 796.64, 868.13, 1433.3, 1605.71], [1284.49, 1109.12, 1180.6, 1200.81, 1373.22], [1085.09, 909.72, 981.2, 1329.1, 1501.51], [1190.95, 1015.57, 1087.06, 1403.36, 1575.77], [1011.06, 835.68, 907.17, 1443.93, 1616.34], [1014.36, 838.99, 910.48, 1448.69, 1621.1], [1006.16, 830.79, 902.27, 1459.2, 1631.61], [1019.58, 844.21, 915.69, 1470.19, 1642.59], [1256.54, 1081.17, 1152.65, 1172.86, 1345.27], [1146.55, 971.18, 1042.67, 1494.01, 1666.42], [1073.73, 938.68, 970.48, 2515.76, 2688.17], [734.33, 680.61, 656.2, 2140.73, 2313.14], [1117.89, 982.85, 1014.65, 2559.93, 2732.34], [1069.9, 934.85, 966.65, 2511.94, 2684.34], [268.41, 60.4, 138.84, 2053.51, 2225.92], [327.93, 130.06, 193.91, 2065.62, 2238.03], [312.51, 131.44, 208.62, 2050.2, 2222.6], [351.28, 152.48, 204.42, 2117.4, 2289.8], [294.71, 113.64, 190.82, 2032.4, 2204.8], [252.77, 71.7, 148.88, 1990.45, 2162.86], [246.3, 65.24, 142.42, 1983.99, 2156.4], [307.92, 99.91, 163.77, 2086.71, 2259.12], [349.64, 152.56, 204.5, 2087.33, 2259.74], [332.83, 134.03, 185.97, 2072.36, 2244.77], [306.68, 125.61, 197.8, 2044.36, 2216.77], [352.19, 172.89, 205.33, 2160.81, 2333.22], [126.37, 256.5, 199.35, 2197.89, 2370.29], [175.11, 331.27, 274.13, 2263.48, 2435.89], [172.69, 328.85, 271.7, 2261.06, 2433.47], [167.69, 330.72, 273.57, 2272.1, 2444.51], [38.72, 193.1, 134.04, 2175.8, 2348.21], [36.44, 197.53, 138.47, 2180.23, 2352.64]], "destinations": [{"location": [-76.95793, -12.227299], "snapped_distance": 6.13}, {"location": [-76.94495, -12.219738], "snapped_distance": 4.33}, {"location": [-76.949813, -12.224598], "snapped_distance": 13.95}, {"location": [-76.976774, -12.008723], "snapped_distance": 9.89}, {"location": [-76.98612, -12.001129], "snapped_distance": 13.88}], "sources": [{"location": [-76.941333, -12.062502], "snapped_distance": 10.5}, {"location": [-76.943035, -12.058966], "snapped_distance": 3.98}, {"location": [-76.942657, -12.052666], "snapped_distance": 6.27}, {"location": [-76.951561, -12.0536], "snapped_distance": 17.12}, {"location": [-76.95702, -12.055219], "snapped_distance": 8.67}, {"location": [-76.934704, -12.044842], "snapped_distance": 5.17}, {"location": [-76.934584, -12.044553], "snapped_distance": 14.92}, {"location": [-76.941016, -12.05351], "snapped_distance": 15.37}, {"location": [-76.943828, -12.058268], "snapped_distance": 5.97}, {"location": [-76.941313, -12.062536], "snapped_distance": 11.75}, {"location": [-76.970123, -12.112042], "snapped_distance": 10.71}, {"location": [-76.971148, -12.110655], "snapped_distance": 8.12}, {"location": [-76.982933, -12.125594], "snapped_distance": 12.41}, {"location": [-76.983136, -12.12541], "snapped_distance": 14.53}, {"location": [-76.98823, -12.121346], "snapped_distance": 8.45}, {"location": [-76.988177, -12.120872], "snapped_distance": 11.08}, {"location": [-76.973532, -12.114385], "snapped_distance": 12.58}, {"location": [-76.973392, -12.113631], "snapped_distance": 14.55}, {"location": [-76.981765, -12.138201], "snapped_distance": 12.63}, {"location": [-76.971187, -12.110589], "snapped_distance": 5.85}, {"location": [-76.983806, -12.125517], "snapped_distance": 8.23}, {"location": [-76.993797, -12.121319], "snapped_distance": 9.94}, {"location": [-76.989771, -12.139368], "snapped_distance": 4.14}, {"location": [-76.989709, -12.139531], "snapped_distance": 8.02}, {"location": [-76.988583, -12.139294], "snapped_distance": 2.12}, {"location": [-76.988479, -12.13863], "snapped_distance": 9.68}, {"location": [-76.971496, -12.108729], "snapped_distance": 19.75}, {"location": [-76.997831, -12.133256], "snapped_distance": 7.65}, {"location": [-76.961813, -12.236093], "snapped_distance": 7.38}, {"location": [-76.975422, -12.229999], "snapped_distance": 10.93}, {"location": [-76.957674, -12.237603], "snapped_distance": 16.75}, {"location": [-76.956149, -12.23842], "snapped_distance": 10.14}, {"location": [-76.944109, -12.218236], "snapped_distance": 2.02}, {"location": [-76.942563, -12.213341], "snapped_distance": 2.85}, {"location": [-76.944417, -12.211724], "snapped_distance": 8.36}, {"location": [-76.941407, -12.212843], "snapped_distance": 1.82}, {"location": [-76.945051, -12.212234], "snapped_distance": 22.29}, {"location": [-76.947051, -12.212477], "snapped_distance": 14.56}, {"location": [-76.947786, -12.21394], "snapped_distance": 1.77}, {"location": [-76.940612, -12.215798], "snapped_distance": 0.31}, {"location": [-76.93964, -12.211642], "snapped_distance": 2.54}, {"location": [-76.941431, -12.212682], "snapped_distance": 1.09}, {"location": [-76.943098, -12.212714], "snapped_distance": 2.93}, {"location": [-76.935385, -12.213695], "snapped_distance": 24.1}, {"location": [-76.960807, -12.224811], "snapped_distance": 6.13}, {"location": [-76.960801, -12.227099], "snapped_distance": 4.3}, {"location": [-76.960361, -12.227039], "snapped_distance": 3.53}, {"location": [-76.959398, -12.226748], "snapped_distance": 12.09}, {"location": [-76.957432, -12.225989], "snapped_distance": 8.47}, {"location": [-76.95748, -12.226099], "snapped_distance": 0.03}], "metadata": {"id": "matrix_request", "attribution": "openrouteservice.org | OpenStreetMap contributors", "service": "matrix", "timestamp": 1579795566626,