{"durations": [[1067.31, 891.94, 963.42, 1427.68, 1600.08], [1056.56, 881.18, 952.67, 1416.92, 1589.33], [1051.13, 875.76, 947.24, 1452.83, 1625.24], [1073.85, 898.48, 969.96, 1374.83, 1547.23], [2071.31, 1895.94, 1967.43, 216.25, 522.28], [698.12, 644.4, 619.99, 2104.52, 2276.93], [2212.91, 2037.54, 2109.02, 578.47, 240.08], [2228.0, 2052.63, 2124.12, 593.56, 209.44], [220.21, 73.4, 73.35, 2066.51, 2238.92], [2136.8, 1961.43, 2032.92, 502.36, 241.36], [2138.13, 1962.75, 2034.24, 503.69, 242.69], [1406.77, 1231.39, 1302.88, 1427.76, 1491.75], [1412.51, 1237.14, 1308.62, 1402.38, 1466.38], [1411.0, 1235.63, 1307.12, 1432.0, 1495.99], [1410.56, 1235.19, 1306.68, 1431.56, 1495.55], [1412.68, 1237.31, 1308.79, 1433.67, 1497.67], [1411.94, 1236.57, 1308.06, 1401.82, 1465.81], [1385.84, 1210.47, 1281.95, 1446.06, 1510.06], [1412.19, 1236.82, 1308.3, 1402.06, 1466.06], [1411.82, 1236.45, 1307.93, 1401.69, 1465.69], [1396.0, 1220.63, 1292.11, 1456.22, 1520.22], [1396.94, 1221.57, 1293.06, 1417.94, 1481.93], [2026.56, 1851.18, 1922.67, 1468.3, 1532.3], [2026.56, 1851.18, 1922.67, 1468.3, 1532.3], [1342.38, 1167.01, 1238.5, 1370.96, 1514.11], [1781.89, 1606.51, 1678.0, 1401.28, 1465.27], [1803.52, 1628.15, 1699.64, 1557.81, 1621.81], [1799.01, 1623.63, 1695.12, 1130.68, 1303.09], [1836.81, 1661.43, 1732.92, 979.61, 1152.02], [1078.96, 903.59, 975.07, 1349.0, 1521.41], [1144.6, 969.23, 1040.71, 1407.83, 1580.24], [1032.66, 857.29, 928.78, 1480.52, 1652.93], [1145.79, 970.42, 1041.91, 1528.36, 1700.77], [1139.85, 964.48, 1035.97, 1522.42, 1694.83], [2037.01, 1861.64, 1933.13, 202.55, 487.98], [2033.68, 1858.31, 1929.8, 192.44, 484.65], [1994.79, 1819.41, 1890.9, 230.3, 536.53], [2226.01, 2050.64, 2122.12, 591.57, 207.45], [62.14, 221.38, 162.32, 2204.08, 2376.48], [2228.86, 2053.48, 2124.97, 73.93, 693.75], [2372.05, 2196.68, 2268.16, 737.61, 10.19], [2313.77, 2138.4, 2209.89, 679.33, 54.72], [2311.74, 2136.36, 2207.85, 677.3, 52.69], [1411.11, 1235.74, 1307.22, 1400.98, 1464.98], [1518.95, 1343.58, 1415.06, 1330.21, 1394.2], [1529.45, 1354.07, 1425.56, 1320.47, 1384.46], [1568.04, 1392.67, 1464.16, 1320.72, 1384.72], [1568.95, 1393.58, 1465.06, 1321.63, 1385.63], [1398.29, 1222.92, 1294.4, 1458.51, 1522.51], [1414.12, 1238.75, 1310.24, 1435.11, 1499.11]], "destinations": [{"location": [-76.95793, -12.227299], "snapped_distance": 6.13}, {"location": [-76.94495, -12.219738], "snapped_distance": 4.33}, {"location": [-76.949813, -12.224598], "snapped_distance": 13.95}, {"location": [-76.976774, -12.008723], "snapped_distance": 9.89}, {"location": [-76.98612, -12.001129], "snapped_distance": 13.88}], "sources": [{"location": [-76.989852, -12.135915], "snapped_distance": 6.28}, {"location": [-76.98977, -12.136624], "snapped_distance": 6.88}, {"location": [-76.989592, -12.136764], "snapped_distance": 6.16}, {"location": [-76.987596, -12.131176], "snapped_distance": 3.45}, {"location": [-76.987791, -12.016565], "snapped_distance": 8.63}, {"location": [-76.974061, -12.227634], "snapped_distance": 4.76}, {"location": [-76.995437, -12.004568], "snapped_distance": 1.73}, {"location": [-76.992389, -12.006285], "snapped_distance": 0.9}, {"location": [-76.946156, -12.222295], "snapped_distance": 2.36}, {"location": [-76.996736, -12.001688], "snapped_distance": 2.29}, {"location": [-76.996694, -12.001644], "snapped_distance": 8.54}, {"location": [-77.024726, -12.118066], "snapped_distance": 30.34}, {"location": [-77.025749, -12.118514], "snapped_distance": 51.01}, {"location": [-77.024695, -12.118276], "snapped_distance": 43.28}, {"location": [-77.024698, -12.118254], "snapped_distance": 43.5}, {"location": [-77.024683, -12.118358], "snapped_distance": 30.54}, {"location": [-77.025759, -12.118465], "snapped_distance": 22.84}, {"location": [-77.024588, -12.11897], "snapped_distance": 2.98}, {"location": [-77.025755, -12.118487], "snapped_distance": 5.24}, {"location": [-77.025761, -12.118455], "snapped_distance": 4.11}, {"location": [-77.025202, -12.118911], "snapped_distance": 54.75}, {"location": [-77.024797, -12.11758], "snapped_distance": 7.23}, {"location": [-77.073377, -12.086997], "snapped_distance": 3.33}, {"location": [-77.073377, -12.086997], "snapped_distance": 3.33}, {"location": [-77.010922, -12.108441], "snapped_distance": 0.51}, {"location": [-77.047399, -12.08946], "snapped_distance": 5.06}, {"location": [-77.054951, -12.100929], "snapped_distance": 4.5}, {"location": [-76.941283, -12.062799], "snapped_distance": 10.59}, {"location": [-76.951561, -12.053597], "snapped_distance": 3.59}, {"location": [-76.988228, -12.129603], "snapped_distance": 15.11}, {"location": [-76.996031, -12.128825], "snapped_distance": 9.37}, {"location": [-76.997624, -12.135218], "snapped_distance": 2.83}, {"location": [-77.004487, -12.13585], "snapped_distance": 6.77}, {"location": [-77.004184, -12.135252], "snapped_distance": 7.97}, {"location": [-76.988602, -12.015607], "snapped_distance": 0.38}, {"location": [-76.988663, -12.015948], "snapped_distance": 1.69}, {"location": [-76.986136, -12.023381], "snapped_distance": 4.0}, {"location": [-76.992293, -12.006551], "snapped_distance": 6.79}, {"location": [-76.958392, -12.225713], "snapped_distance": 4.03}, {"location": [-76.977254, -12.010543], "snapped_distance": 2.56}, {"location": [-76.985808, -12.000936], "snapped_distance": 5.66}, {"location": [-76.986345, -12.002037], "snapped_distance": 7.83}, {"location": [-76.986231, -12.002141], "snapped_distance": 3.23}, {"location": [-77.025774, -12.118394], "snapped_distance": 22.43}, {"location": [-77.030344, -12.100439], "snapped_distance": 3.66}, {"location": [-77.030901, -12.100858], "snapped_distance": 5.97}, {"location": [-77.031515, -12.096089], "snapped_distance": 7.45}, {"location": [-77.031561, -12.096094], "snapped_distance": 8.97}, {"location": [-77.025319, -12.118915], "snapped_distance": 1.54}, {"location": [-77.024672, -12.11843], "snapped_distance": 11.04}], "metadata": {"id": "matrix_request", "attribution": "openrouteservice.org | OpenStreetMap contributors", "service": "matrix", "timestamp": 1579795568484,