{"durations": [[2031.66, 1856.29, 1927.77, 1059.29, 1202.44], [2744.14, 2568.77, 2640.26, 1157.24, 1020.31], [2230.07, 2054.7, 2126.18, 0.1, 694.96], [1411.42, 1236.05, 1307.53, 1432.41, 1496.41], [1408.49, 1233.12, 1304.6, 1429.48, 1493.48], [1406.67, 1231.3, 1302.79, 1427.67, 1491.66], [1407.71, 1232.34, 1303.82, 1428.7, 1492.7], [1407.29, 1231.92, 1303.41, 1428.28, 1492.28], [1404.09, 1228.71, 1300.2, 1425.08, 1489.07], [1411.98, 1236.61, 1308.09, 1432.97, 1496.97], [1411.93, 1236.56, 1308.05, 1432.93, 1496.92], [1412.89, 1237.52, 1309.0, 1433.88, 1497.88], [1412.31, 1236.94, 1308.43, 1433.31, 1497.3], [1413.02, 1237.65, 1309.14, 1434.01, 1498.01], [1411.75, 1236.38, 1307.87, 1401.63, 1465.62], [1413.3, 1237.93, 1309.41, 1434.29, 1498.29], [1416.1, 1240.73, 1312.21, 1437.09, 1501.09], [1422.64, 1247.27, 1318.75, 1443.63, 1507.63], [2251.04, 2103.52, 2172.9, 1525.54, 1654.85], [2261.15, 2113.63, 2183.02, 1504.12, 1647.27], [2352.38, 2204.86, 2274.24, 1481.34, 1624.49], [1374.75, 1199.38, 1270.87, 1420.22, 1484.21], [1350.4, 1175.03, 1246.51, 1403.68, 1467.68], [1400.51, 1225.13, 1296.62, 1386.93, 1450.93], [1342.6, 1167.23, 1238.71, 1371.18, 1514.33], [1343.34, 1167.97, 1239.46, 1398.42, 1511.84], [1785.47, 1610.1, 1681.58, 1539.76, 1603.76], [1889.85, 1714.47, 1785.96, 373.66, 515.48], [2111.38, 1936.01, 2007.5, 120.11, 562.35], [293.55, 85.54, 149.39, 2072.34, 2244.75], [2114.34, 1938.96, 2010.45, 121.61, 579.23], [2131.49, 1956.11, 2027.6, 497.05, 236.05], [943.35, 889.63, 865.22, 2349.76, 2522.16], [684.53, 630.81, 606.39, 2090.93, 2263.34], [1021.28, 886.23, 918.03, 2463.31, 2635.72], [1411.1, 1235.73, 1307.22, 1432.09, 1496.09], [2259.02, 2111.5, 2180.88, 1533.52, 1662.82], [1440.82, 1265.45, 1336.94, 1640.29, 1704.29], [1422.04, 1246.67, 1318.16, 1621.51, 1685.51], [1310.17, 1249.14, 1232.04, 1750.15, 1814.15], [1415.12, 1239.74, 1311.23, 1425.56, 1489.55], [1403.02, 1227.65, 1299.13, 1443.16, 1507.16], [1243.03, 1067.65, 1139.14, 1434.44, 1580.69], [1652.31, 1476.93, 1548.42, 1295.75, 1359.74], [1626.58, 1451.2, 1522.69, 1465.17, 1529.17], [1494.7, 1319.33, 1390.82, 1332.51, 1396.51], [1499.19, 1323.82, 1395.3, 1337.0, 1400.99], [1528.19, 1352.81, 1424.3, 1319.2, 1383.2], [1554.96, 1379.58, 1451.07, 1312.82, 1376.81], [1712.7, 1537.33, 1608.81, 1596.3, 1660.29]], "destinations": [{"location": [-76.95793, -12.227299], "snapped_distance": 6.13}, {"location": [-76.94495, -12.219738], "snapped_distance": 4.33}, {"location": [-76.949813, -12.224598], "snapped_distance": 13.95}, {"location": [-76.976774, -12.008723], "snapped_distance": 9.89}, {"location": [-76.98612, -12.001129], "snapped_distance": 13.88}], "sources": [{"location": [-76.947716, -12.038849], "snapped_distance": 12.63}, {"location": [-77.019815, -11.962924], "snapped_distance": 9.52}, {"location": [-76.97677, -12.008722], "snapped_distance": 11.77}, {"location": [-77.024692, -12.118297], "snapped_distance": 5.49}, {"location": [-77.024713, -12.118152], "snapped_distance": 11.91}, {"location": [-77.024726, -12.118062], "snapped_distance": 10.39}, {"location": [-77.024719, -12.118113], "snapped_distance": 17.45}, {"location": [-77.024722, -12.118093], "snapped_distance": 27.14}, {"location": [-77.024745, -12.117934], "snapped_distance": 22.5}, {"location": [-77.024688, -12.118325], "snapped_distance": 45.49}, {"location": [-77.024688, -12.118322], "snapped_distance": 42.94}, {"location": [-77.024681, -12.11837], "snapped_distance": 47.33}, {"location": [-77.024685, -12.118341], "snapped_distance": 41.4}, {"location": [-77.02468, -12.118376], "snapped_distance": 45.27}, {"location": [-77.025763, -12.118449], "snapped_distance": 46.73}, {"location": [-77.024678, -12.11839], "snapped_distance": 18.51}, {"location": [-77.024499, -12.118418], "snapped_distance": 5.06}, {"location": [-77.023916, -12.118373], "snapped_distance": 3.0}, {"location": [-77.090185, -12.071248], "snapped_distance": 3.51}, {"location": [-77.094313, -12.070288], "snapped_distance": 4.46}, {"location": [-77.104089, -12.064574], "snapped_distance": 2.69}, {"location": [-77.021587, -12.110053], "snapped_distance": 7.0}, {"location": [-77.020035, -12.109954], "snapped_distance": 1.78}, {"location": [-77.023526, -12.109172], "snapped_distance": 4.87}, {"location": [-77.010913, -12.108439], "snapped_distance": 0.77}, {"location": [-77.01159, -12.109076], "snapped_distance": 3.5}, {"location": [-77.054044, -12.101093], "snapped_distance": 3.58}, {"location": [-76.998721, -12.024995], "snapped_distance": 0.86}, {"location": [-76.982683, -12.011525], "snapped_distance": 5.13}, {"location": [-76.940825, -12.217373], "snapped_distance": 3.53}, {"location": [-76.980351, -12.012602], "snapped_distance": 5.11}, {"location": [-76.996907, -12.001868], "snapped_distance": 0.02}, {"location": [-76.979262, -12.223081], "snapped_distance": 13.86}, {"location": [-76.973555, -12.226743], "snapped_distance": 13.06}, {"location": [-76.966574, -12.230648], "snapped_distance": 34.33}, {"location": [-77.024694, -12.118281], "snapped_distance": 33.62}, {"location": [-77.089277, -12.071707], "snapped_distance": 5.55}, {"location": [-77.022351, -12.146881], "snapped_distance": 4.53}, {"location": [-77.022009, -12.146276], "snapped_distance": 5.05}, {"location": [-77.021151, -12.155168], "snapped_distance": 7.75}, {"location": [-77.020474, -12.109589], "snapped_distance": 8.09}, {"location": [-77.023002, -12.11571], "snapped_distance": 4.17}, {"location": [-77.000023, -12.115173], "snapped_distance": 6.57}, {"location": [-77.036485, -12.09102], "snapped_distance": 12.2}, {"location": [-77.036085, -12.103758], "snapped_distance": 9.4}, {"location": [-77.030612, -12.102489], "snapped_distance": 10.13}, {"location": [-77.03051, -12.103098], "snapped_distance": 15.39}, {"location": [-77.030931, -12.100687], "snapped_distance": 6.58}, {"location": [-77.030834, -12.09863], "snapped_distance": 4.32}, {"location": [-77.056335, -12.106227], "snapped_distance": 0.91}], "metadata": {"id": "matrix_request", "attribution": "openrouteservice.org | OpenStreetMap contributors", "service": "matrix", "timestamp": 1579795565662,